{"base_url":"","routes":{"admin_product_form":{"tokens":[["variable","\/","\\d+","id"],["text","\/sell\/catalog\/products"]],"defaults":[],"requirements":{"id":"\\d+"},"hosttokens":[],"methods":["GET","POST"],"schemes":[]},"admin_cart_rules_search":{"tokens":[["text","\/sell\/catalog\/cart-rules\/search"]],"defaults":[],"requirements":[],"hosttokens":[],"methods":["GET"],"schemes":[]},"admin_customers_view":{"tokens":[["text","\/view"],["variable","\/","\\d+","customerId"],["text","\/sell\/customers"]],"defaults":[],"requirements":{"customerId":"\\d+"},"hosttokens":[],"methods":["GET","POST"],"schemes":[]},"admin_customers_search":{"tokens":[["text","\/sell\/customers\/search"]],"defaults":[],"requirements":[],"hosttokens":[],"methods":["GET"],"schemes":[]},"admin_customers_carts":{"tokens":[["text","\/carts"],["variable","\/","\\d+","customerId"],["text","\/sell\/customers"]],"defaults":[],"requirements":{"customerId":"\\d+"},"hosttokens":[],"methods":["GET"],"schemes":[]},"admin_customers_orders":{"tokens":[["text","\/orders"],["variable","\/","\\d+","customerId"],["text","\/sell\/customers"]],"defaults":[],"requirements":{"customerId":"\\d+"},"hosttokens":[],"methods":["GET"],"schemes":[]},"admin_addresses_create":{"tokens":[["text","\/sell\/addresses\/new"]],"defaults":[],"requirements":[],"hosttokens":[],"methods":["GET","POST"],"schemes":[]},"admin_addresses_edit":{"tokens":[["text","\/edit"],["variable","\/","\\d+","addressId"],["text","\/sell\/addresses"]],"defaults":[],"requirements":{"addressId":"\\d+"},"hosttokens":[],"methods":["GET","POST"],"schemes":[]},"admin_order_addresses_edit":{"tokens":[["text","\/edit"],["variable","\/","delivery|invoice","addressType"],["variable","\/","\\d+","orderId"],["text","\/sell\/addresses\/order"]],"defaults":[],"requirements":{"orderId":"\\d+","addressType":"delivery|invoice"},"hosttokens":[],"methods":["GET","POST"],"schemes":[]},"admin_cart_addresses_edit":{"tokens":[["text","\/edit"],["variable","\/","delivery|invoice","addressType"],["variable","\/","\\d+","cartId"],["text","\/sell\/addresses\/cart"]],"defaults":[],"requirements":{"cartId":"\\d+","addressType":"delivery|invoice"},"hosttokens":[],"methods":["GET","POST"],"schemes":[]},"admin_carts_view":{"tokens":[["text","\/view"],["variable","\/","\\d+","cartId"],["text","\/sell\/orders\/carts"]],"defaults":[],"requirements":{"cartId":"\\d+"},"hosttokens":[],"methods":["GET"],"schemes":[]},"admin_carts_info":{"tokens":[["text","\/info"],["variable","\/","\\d+","cartId"],["text","\/sell\/orders\/carts"]],"defaults":[],"requirements":{"cartId":"\\d+"},"hosttokens":[],"methods":["GET"],"schemes":[]},"admin_carts_create":{"tokens":[["text","\/sell\/orders\/carts\/new"]],"defaults":[],"requirements":[],"hosttokens":[],"methods":["POST"],"schemes":[]},"admin_carts_edit_addresses":{"tokens":[["text","\/addresses"],["variable","\/","\\d+","cartId"],["text","\/sell\/orders\/carts"]],"defaults":[],"requirements":{"cartId":"\\d+"},"hosttokens":[],"methods":["POST"],"schemes":[]},"admin_carts_edit_carrier":{"tokens":[["text","\/carrier"],["variable","\/","\\d+","cartId"],["text","\/sell\/orders\/carts"]],"defaults":[],"requirements":{"cartId":"\\d+"},"hosttokens":[],"methods":["POST"],"schemes":[]},"admin_carts_edit_currency":{"tokens":[["text","\/currency"],["variable","\/","\\d+","cartId"],["text","\/sell\/orders\/carts"]],"defaults":[],"requirements":{"cartId":"\\d+"},"hosttokens":[],"methods":["POST"],"schemes":[]},"admin_carts_edit_language":{"tokens":[["text","\/language"],["variable","\/","\\d+","cartId"],["text","\/sell\/orders\/carts"]],"defaults":[],"requirements":{"cartId":"\\d+"},"hosttokens":[],"methods":["POST"],"schemes":[]},"admin_carts_set_delivery_settings":{"tokens":[["text","\/rules\/delivery-settings"],["variable","\/","\\d+","cartId"],["text","\/sell\/orders\/carts"]],"defaults":[],"requirements":{"cartId":"\\d+"},"hosttokens":[],"methods":["POST"],"schemes":[]},"admin_carts_add_cart_rule":{"tokens":[["text","\/cart-rules"],["variable","\/","[^\/]++","cartId"],["text","\/sell\/orders\/carts"]],"defaults":[],"requirements":[],"hosttokens":[],"methods":["POST"],"schemes":[]},"admin_carts_delete_cart_rule":{"tokens":[["text","\/delete"],["variable","\/","[^\/]++","cartRuleId"],["text","\/cart-rules"],["variable","\/","[^\/]++","cartId"],["text","\/sell\/orders\/carts"]],"defaults":[],"requirements":[],"hosttokens":[],"methods":["POST"],"schemes":[]},"admin_carts_add_product":{"tokens":[["text","\/products"],["variable","\/","\\d+","cartId"],["text","\/sell\/orders\/carts"]],"defaults":[],"requirements":{"cartId":"\\d+"},"hosttokens":[],"methods":["POST"],"schemes":[]},"admin_carts_edit_product_price":{"tokens":[["text","\/price"],["variable","\/","\\d+","productId"],["text","\/products"],["variable","\/","\\d+","cartId"],["text","\/sell\/orders\/carts"]],"defaults":[],"requirements":{"cartId":"\\d+","productId":"\\d+"},"hosttokens":[],"methods":["POST"],"schemes":[]},"admin_carts_edit_product_quantity":{"tokens":[["text","\/quantity"],["variable","\/","\\d+","productId"],["text","\/products"],["variable","\/","\\d+","cartId"],["text","\/sell\/orders\/carts"]],"defaults":[],"requirements":{"cartId":"\\d+","productId":"\\d+"},"hosttokens":[],"methods":["POST"],"schemes":[]},"admin_carts_delete_product":{"tokens":[["text","\/delete-product"],["variable","\/","\\d+","cartId"],["text","\/sell\/orders\/carts"]],"defaults":[],"requirements":{"cartId":"\\d+"},"hosttokens":[],"methods":["POST"],"schemes":[]},"admin_orders_place":{"tokens":[["text","\/sell\/orders\/place"]],"defaults":[],"requirements":[],"hosttokens":[],"methods":["POST"],"schemes":[]},"admin_orders_view":{"tokens":[["text","\/view"],["variable","\/","\\d+","orderId"],["text","\/sell\/orders"]],"defaults":[],"requirements":{"orderId":"\\d+"},"hosttokens":[],"methods":["GET","POST"],"schemes":[]},"admin_orders_duplicate_cart":{"tokens":[["text","\/duplicate-cart"],["variable","\/","\\d+","orderId"],["text","\/sell\/orders"]],"defaults":[],"requirements":{"orderId":"\\d+"},"hosttokens":[],"methods":["POST"],"schemes":[]},"admin_orders_update_product":{"tokens":[["variable","\/","\\d+","orderDetailId"],["text","\/products"],["variable","\/","\\d+","orderId"],["text","\/sell\/orders"]],"defaults":[],"requirements":{"orderId":"\\d+","orderDetailId":"\\d+"},"hosttokens":[],"methods":["POST"],"schemes":[]},"admin_orders_partial_refund":{"tokens":[["text","\/partial-refund"],["variable","\/","\\d+","orderId"],["text","\/sell\/orders"]],"defaults":[],"requirements":{"orderId":"\\d+"},"hosttokens":[],"methods":["POST"],"schemes":[]},"admin_orders_standard_refund":{"tokens":[["text","\/standard-refund"],["variable","\/","\\d+","orderId"],["text","\/sell\/orders"]],"defaults":[],"requirements":{"orderId":"\\d+"},"hosttokens":[],"methods":["POST"],"schemes":[]},"admin_orders_return_product":{"tokens":[["text","\/return-product"],["variable","\/","\\d+","orderId"],["text","\/sell\/orders"]],"defaults":[],"requirements":{"orderId":"\\d+"},"hosttokens":[],"methods":["POST"],"schemes":[]},"admin_orders_send_process_order_email":{"tokens":[["text","\/sell\/orders\/process-order-email"]],"defaults":[],"requirements":[],"hosttokens":[],"methods":["POST"],"schemes":[]},"admin_orders_add_product":{"tokens":[["text","\/products"],["variable","\/","\\d+","orderId"],["text","\/sell\/orders"]],"defaults":[],"requirements":{"orderId":"\\d+"},"hosttokens":[],"methods":["POST"],"schemes":[]},"admin_orders_delete_product":{"tokens":[["text","\/delete"],["variable","\/","\\d+","orderDetailId"],["text","\/products"],["variable","\/","\\d+","orderId"],["text","\/sell\/orders"]],"defaults":[],"requirements":{"orderId":"\\d+","orderDetailId":"\\d+"},"hosttokens":[],"methods":["POST"],"schemes":[]},"admin_orders_get_discounts":{"tokens":[["text","\/discounts"],["variable","\/","\\d+","orderId"],["text","\/sell\/orders"]],"defaults":[],"requirements":{"orderId":"\\d+"},"hosttokens":[],"methods":["GET"],"schemes":[]},"admin_orders_get_prices":{"tokens":[["text","\/prices"],["variable","\/","\\d+","orderId"],["text","\/sell\/orders"]],"defaults":[],"requirements":{"orderId":"\\d+"},"hosttokens":[],"methods":["GET"],"schemes":[]},"admin_orders_get_payments":{"tokens":[["text","\/payments"],["variable","\/","\\d+","orderId"],["text","\/sell\/orders"]],"defaults":[],"requirements":{"orderId":"\\d+"},"hosttokens":[],"methods":["GET"],"schemes":[]},"admin_orders_get_products":{"tokens":[["text","\/products"],["variable","\/","\\d+","orderId"],["text","\/sell\/orders"]],"defaults":[],"requirements":{"orderId":"\\d+"},"hosttokens":[],"methods":["GET"],"schemes":[]},"admin_orders_get_invoices":{"tokens":[["text","\/invoices"],["variable","\/","\\d+","orderId"],["text","\/sell\/orders"]],"defaults":[],"requirements":{"orderId":"\\d+"},"hosttokens":[],"methods":["GET"],"schemes":[]},"admin_orders_get_documents":{"tokens":[["text","\/documents"],["variable","\/","\\d+","orderId"],["text","\/sell\/orders"]],"defaults":[],"requirements":{"orderId":"\\d+"},"hosttokens":[],"methods":["GET"],"schemes":[]},"admin_orders_cancellation":{"tokens":[["text","\/cancellation"],["variable","\/","\\d+","orderId"],["text","\/sell\/orders"]],"defaults":[],"requirements":{"orderId":"\\d+"},"hosttokens":[],"methods":["POST"],"schemes":[]},"admin_orders_configure_product_pagination":{"tokens":[["text","\/sell\/orders\/configure-product-pagination"]],"defaults":[],"requirements":[],"hosttokens":[],"methods":["POST"],"schemes":[]},"admin_orders_product_prices":{"tokens":[["text","\/products\/prices"],["variable","\/","\\d+","orderId"],["text","\/sell\/orders"]],"defaults":[],"requirements":{"orderId":"\\d+"},"hosttokens":[],"methods":["GET"],"schemes":[]},"admin_orders_products_search":{"tokens":[["text","\/sell\/orders\/products\/search"]],"defaults":[],"requirements":[],"hosttokens":[],"methods":["GET"],"schemes":[]}},"prefix":"","host":"localhost","port":"","scheme":"http","locale":[]}